<annotation>
	<folder>coronamask</folder>
	<filename>mask (57).jpg</filename>
	<path>D:\coronamask\mask (57).jpg</path>
	<source>
		<database>Unknown</database>
	</source>
	<size>
		<width>300</width>
		<height>168</height>
		<depth>3</depth>
	</size>
	<segmented>0</segmented>
	<object>
		<name>mask</name>
		<pose>Unspecified</pose>
		<truncated>0</truncated>
		<difficult>0</difficult>
		<bndbox>
			<xmin>193</xmin>
			<ymin>85</ymin>
			<xmax>249</xmax>
			<ymax>136</ymax>
		</bndbox>
	</object>
</annotation>
