<annotation>
	<folder>coronamask</folder>
	<filename>mask (7).jpg</filename>
	<path>D:\coronamask\mask (7).jpg</path>
	<source>
		<database>Unknown</database>
	</source>
	<size>
		<width>275</width>
		<height>183</height>
		<depth>3</depth>
	</size>
	<segmented>0</segmented>
	<object>
		<name>mask</name>
		<pose>Unspecified</pose>
		<truncated>0</truncated>
		<difficult>0</difficult>
		<bndbox>
			<xmin>113</xmin>
			<ymin>82</ymin>
			<xmax>160</xmax>
			<ymax>121</ymax>
		</bndbox>
	</object>
	<object>
		<name>mask</name>
		<pose>Unspecified</pose>
		<truncated>0</truncated>
		<difficult>0</difficult>
		<bndbox>
			<xmin>191</xmin>
			<ymin>70</ymin>
			<xmax>239</xmax>
			<ymax>104</ymax>
		</bndbox>
	</object>
	<object>
		<name>mask</name>
		<pose>Unspecified</pose>
		<truncated>0</truncated>
		<difficult>0</difficult>
		<bndbox>
			<xmin>38</xmin>
			<ymin>76</ymin>
			<xmax>72</xmax>
			<ymax>101</ymax>
		</bndbox>
	</object>
</annotation>
