<annotation>
	<folder>coronamask</folder>
	<filename>mask (1).jpg</filename>
	<path>D:\coronamask\mask (1).jpg</path>
	<source>
		<database>Unknown</database>
	</source>
	<size>
		<width>271</width>
		<height>186</height>
		<depth>3</depth>
	</size>
	<segmented>0</segmented>
	<object>
		<name>mask</name>
		<pose>Unspecified</pose>
		<truncated>0</truncated>
		<difficult>0</difficult>
		<bndbox>
			<xmin>54</xmin>
			<ymin>66</ymin>
			<xmax>78</xmax>
			<ymax>78</ymax>
		</bndbox>
	</object>
	<object>
		<name>mask</name>
		<pose>Unspecified</pose>
		<truncated>0</truncated>
		<difficult>0</difficult>
		<bndbox>
			<xmin>140</xmin>
			<ymin>53</ymin>
			<xmax>161</xmax>
			<ymax>67</ymax>
		</bndbox>
	</object>
	<object>
		<name>mask</name>
		<pose>Unspecified</pose>
		<truncated>0</truncated>
		<difficult>0</difficult>
		<bndbox>
			<xmin>194</xmin>
			<ymin>54</ymin>
			<xmax>215</xmax>
			<ymax>65</ymax>
		</bndbox>
	</object>
</annotation>
