<annotation>
	<folder>coronamask</folder>
	<filename>mask (38).jpg</filename>
	<path>D:\coronamask\mask (38).jpg</path>
	<source>
		<database>Unknown</database>
	</source>
	<size>
		<width>275</width>
		<height>183</height>
		<depth>3</depth>
	</size>
	<segmented>0</segmented>
	<object>
		<name>mask</name>
		<pose>Unspecified</pose>
		<truncated>0</truncated>
		<difficult>0</difficult>
		<bndbox>
			<xmin>100</xmin>
			<ymin>84</ymin>
			<xmax>148</xmax>
			<ymax>112</ymax>
		</bndbox>
	</object>
	<object>
		<name>mask</name>
		<pose>Unspecified</pose>
		<truncated>0</truncated>
		<difficult>0</difficult>
		<bndbox>
			<xmin>202</xmin>
			<ymin>139</ymin>
			<xmax>259</xmax>
			<ymax>180</ymax>
		</bndbox>
	</object>
</annotation>
