<annotation>
	<folder>coronamask</folder>
	<filename>mask (3).jpg</filename>
	<path>D:\coronamask\mask (3).jpg</path>
	<source>
		<database>Unknown</database>
	</source>
	<size>
		<width>213</width>
		<height>236</height>
		<depth>3</depth>
	</size>
	<segmented>0</segmented>
	<object>
		<name>mask</name>
		<pose>Unspecified</pose>
		<truncated>0</truncated>
		<difficult>0</difficult>
		<bndbox>
			<xmin>125</xmin>
			<ymin>80</ymin>
			<xmax>185</xmax>
			<ymax>135</ymax>
		</bndbox>
	</object>
</annotation>
