<annotation>
	<folder>coronamask</folder>
	<filename>mask (49).jpg</filename>
	<path>D:\coronamask\mask (49).jpg</path>
	<source>
		<database>Unknown</database>
	</source>
	<size>
		<width>299</width>
		<height>168</height>
		<depth>3</depth>
	</size>
	<segmented>0</segmented>
	<object>
		<name>mask</name>
		<pose>Unspecified</pose>
		<truncated>0</truncated>
		<difficult>0</difficult>
		<bndbox>
			<xmin>57</xmin>
			<ymin>73</ymin>
			<xmax>89</xmax>
			<ymax>97</ymax>
		</bndbox>
	</object>
</annotation>
