<annotation>
	<folder>coronamask</folder>
	<filename>mask (51).jpg</filename>
	<path>D:\coronamask\mask (51).jpg</path>
	<source>
		<database>Unknown</database>
	</source>
	<size>
		<width>318</width>
		<height>159</height>
		<depth>3</depth>
	</size>
	<segmented>0</segmented>
	<object>
		<name>mask</name>
		<pose>Unspecified</pose>
		<truncated>0</truncated>
		<difficult>0</difficult>
		<bndbox>
			<xmin>92</xmin>
			<ymin>58</ymin>
			<xmax>233</xmax>
			<ymax>145</ymax>
		</bndbox>
	</object>
</annotation>
