<annotation>
	<folder>coronamask</folder>
	<filename>mask (50).jpg</filename>
	<path>D:\coronamask\mask (50).jpg</path>
	<source>
		<database>Unknown</database>
	</source>
	<size>
		<width>304</width>
		<height>166</height>
		<depth>3</depth>
	</size>
	<segmented>0</segmented>
	<object>
		<name>mask</name>
		<pose>Unspecified</pose>
		<truncated>0</truncated>
		<difficult>0</difficult>
		<bndbox>
			<xmin>72</xmin>
			<ymin>87</ymin>
			<xmax>100</xmax>
			<ymax>105</ymax>
		</bndbox>
	</object>
	<object>
		<name>mask</name>
		<pose>Unspecified</pose>
		<truncated>0</truncated>
		<difficult>0</difficult>
		<bndbox>
			<xmin>158</xmin>
			<ymin>68</ymin>
			<xmax>172</xmax>
			<ymax>80</ymax>
		</bndbox>
	</object>
</annotation>
