<annotation>
	<folder>coronamask</folder>
	<filename>mask (47).jpg</filename>
	<path>D:\coronamask\mask (47).jpg</path>
	<source>
		<database>Unknown</database>
	</source>
	<size>
		<width>276</width>
		<height>183</height>
		<depth>3</depth>
	</size>
	<segmented>0</segmented>
	<object>
		<name>mask</name>
		<pose>Unspecified</pose>
		<truncated>0</truncated>
		<difficult>0</difficult>
		<bndbox>
			<xmin>116</xmin>
			<ymin>69</ymin>
			<xmax>134</xmax>
			<ymax>81</ymax>
		</bndbox>
	</object>
</annotation>
