<annotation>
	<folder>coronamask</folder>
	<filename>mask (11).jpg</filename>
	<path>D:\coronamask\mask (11).jpg</path>
	<source>
		<database>Unknown</database>
	</source>
	<size>
		<width>259</width>
		<height>194</height>
		<depth>3</depth>
	</size>
	<segmented>0</segmented>
	<object>
		<name>mask</name>
		<pose>Unspecified</pose>
		<truncated>0</truncated>
		<difficult>0</difficult>
		<bndbox>
			<xmin>97</xmin>
			<ymin>93</ymin>
			<xmax>145</xmax>
			<ymax>131</ymax>
		</bndbox>
	</object>
</annotation>
