<annotation>
	<folder>coronamask</folder>
	<filename>mask (24).jpg</filename>
	<path>D:\coronamask\mask (24).jpg</path>
	<source>
		<database>Unknown</database>
	</source>
	<size>
		<width>290</width>
		<height>173</height>
		<depth>3</depth>
	</size>
	<segmented>0</segmented>
	<object>
		<name>mask</name>
		<pose>Unspecified</pose>
		<truncated>0</truncated>
		<difficult>0</difficult>
		<bndbox>
			<xmin>201</xmin>
			<ymin>77</ymin>
			<xmax>261</xmax>
			<ymax>113</ymax>
		</bndbox>
	</object>
	<object>
		<name>mask</name>
		<pose>Unspecified</pose>
		<truncated>0</truncated>
		<difficult>0</difficult>
		<bndbox>
			<xmin>111</xmin>
			<ymin>95</ymin>
			<xmax>160</xmax>
			<ymax>128</ymax>
		</bndbox>
	</object>
	<object>
		<name>mask</name>
		<pose>Unspecified</pose>
		<truncated>0</truncated>
		<difficult>0</difficult>
		<bndbox>
			<xmin>22</xmin>
			<ymin>54</ymin>
			<xmax>80</xmax>
			<ymax>103</ymax>
		</bndbox>
	</object>
</annotation>
