<annotation>
	<folder>coronamask</folder>
	<filename>mask (53).jpg</filename>
	<path>D:\coronamask\mask (53).jpg</path>
	<source>
		<database>Unknown</database>
	</source>
	<size>
		<width>216</width>
		<height>233</height>
		<depth>3</depth>
	</size>
	<segmented>0</segmented>
	<object>
		<name>mask</name>
		<pose>Unspecified</pose>
		<truncated>0</truncated>
		<difficult>0</difficult>
		<bndbox>
			<xmin>43</xmin>
			<ymin>140</ymin>
			<xmax>95</xmax>
			<ymax>167</ymax>
		</bndbox>
	</object>
</annotation>
