<annotation>
	<folder>coronamask</folder>
	<filename>mask (28).jpg</filename>
	<path>D:\coronamask\mask (28).jpg</path>
	<source>
		<database>Unknown</database>
	</source>
	<size>
		<width>148</width>
		<height>341</height>
		<depth>3</depth>
	</size>
	<segmented>0</segmented>
	<object>
		<name>mask</name>
		<pose>Unspecified</pose>
		<truncated>0</truncated>
		<difficult>0</difficult>
		<bndbox>
			<xmin>21</xmin>
			<ymin>113</ymin>
			<xmax>92</xmax>
			<ymax>164</ymax>
		</bndbox>
	</object>
</annotation>
