<annotation>
	<folder>coronamask</folder>
	<filename>mask (2).jpg</filename>
	<path>D:\coronamask\mask (2).jpg</path>
	<source>
		<database>Unknown</database>
	</source>
	<size>
		<width>225</width>
		<height>225</height>
		<depth>3</depth>
	</size>
	<segmented>0</segmented>
	<object>
		<name>mask</name>
		<pose>Unspecified</pose>
		<truncated>0</truncated>
		<difficult>0</difficult>
		<bndbox>
			<xmin>84</xmin>
			<ymin>159</ymin>
			<xmax>131</xmax>
			<ymax>198</ymax>
		</bndbox>
	</object>
	<object>
		<name>mask</name>
		<pose>Unspecified</pose>
		<truncated>0</truncated>
		<difficult>0</difficult>
		<bndbox>
			<xmin>148</xmin>
			<ymin>136</ymin>
			<xmax>205</xmax>
			<ymax>172</ymax>
		</bndbox>
	</object>
</annotation>
