<annotation>
	<folder>coronamask</folder>
	<filename>mask (31).jpg</filename>
	<path>D:\coronamask\mask (31).jpg</path>
	<source>
		<database>Unknown</database>
	</source>
	<size>
		<width>300</width>
		<height>168</height>
		<depth>3</depth>
	</size>
	<segmented>0</segmented>
	<object>
		<name>mask</name>
		<pose>Unspecified</pose>
		<truncated>0</truncated>
		<difficult>0</difficult>
		<bndbox>
			<xmin>192</xmin>
			<ymin>53</ymin>
			<xmax>222</xmax>
			<ymax>74</ymax>
		</bndbox>
	</object>
	<object>
		<name>mask</name>
		<pose>Unspecified</pose>
		<truncated>0</truncated>
		<difficult>0</difficult>
		<bndbox>
			<xmin>57</xmin>
			<ymin>71</ymin>
			<xmax>78</xmax>
			<ymax>92</ymax>
		</bndbox>
	</object>
</annotation>
