<annotation>
	<folder>coronamask</folder>
	<filename>mask (4).jpg</filename>
	<path>D:\coronamask\mask (4).jpg</path>
	<source>
		<database>Unknown</database>
	</source>
	<size>
		<width>275</width>
		<height>183</height>
		<depth>3</depth>
	</size>
	<segmented>0</segmented>
	<object>
		<name>mask</name>
		<pose>Unspecified</pose>
		<truncated>0</truncated>
		<difficult>0</difficult>
		<bndbox>
			<xmin>60</xmin>
			<ymin>96</ymin>
			<xmax>79</xmax>
			<ymax>110</ymax>
		</bndbox>
	</object>
	<object>
		<name>mask</name>
		<pose>Unspecified</pose>
		<truncated>0</truncated>
		<difficult>0</difficult>
		<bndbox>
			<xmin>193</xmin>
			<ymin>126</ymin>
			<xmax>210</xmax>
			<ymax>139</ymax>
		</bndbox>
	</object>
</annotation>
