<annotation>
	<folder>coronamask</folder>
	<filename>mask (30).jpg</filename>
	<path>D:\coronamask\mask (30).jpg</path>
	<source>
		<database>Unknown</database>
	</source>
	<size>
		<width>338</width>
		<height>149</height>
		<depth>3</depth>
	</size>
	<segmented>0</segmented>
	<object>
		<name>mask</name>
		<pose>Unspecified</pose>
		<truncated>0</truncated>
		<difficult>0</difficult>
		<bndbox>
			<xmin>152</xmin>
			<ymin>51</ymin>
			<xmax>187</xmax>
			<ymax>87</ymax>
		</bndbox>
	</object>
	<object>
		<name>mask</name>
		<pose>Unspecified</pose>
		<truncated>0</truncated>
		<difficult>0</difficult>
		<bndbox>
			<xmin>95</xmin>
			<ymin>91</ymin>
			<xmax>134</xmax>
			<ymax>130</ymax>
		</bndbox>
	</object>
</annotation>
