<annotation>
	<folder>coronamask</folder>
	<filename>mask (14).jpg</filename>
	<path>D:\coronamask\mask (14).jpg</path>
	<source>
		<database>Unknown</database>
	</source>
	<size>
		<width>275</width>
		<height>183</height>
		<depth>3</depth>
	</size>
	<segmented>0</segmented>
	<object>
		<name>mask</name>
		<pose>Unspecified</pose>
		<truncated>0</truncated>
		<difficult>0</difficult>
		<bndbox>
			<xmin>88</xmin>
			<ymin>58</ymin>
			<xmax>115</xmax>
			<ymax>76</ymax>
		</bndbox>
	</object>
	<object>
		<name>mask</name>
		<pose>Unspecified</pose>
		<truncated>0</truncated>
		<difficult>0</difficult>
		<bndbox>
			<xmin>213</xmin>
			<ymin>42</ymin>
			<xmax>233</xmax>
			<ymax>65</ymax>
		</bndbox>
	</object>
</annotation>
