<annotation>
	<folder>coronamask</folder>
	<filename>mask (37).jpg</filename>
	<path>D:\coronamask\mask (37).jpg</path>
	<source>
		<database>Unknown</database>
	</source>
	<size>
		<width>290</width>
		<height>174</height>
		<depth>3</depth>
	</size>
	<segmented>0</segmented>
	<object>
		<name>mask</name>
		<pose>Unspecified</pose>
		<truncated>0</truncated>
		<difficult>0</difficult>
		<bndbox>
			<xmin>72</xmin>
			<ymin>46</ymin>
			<xmax>112</xmax>
			<ymax>70</ymax>
		</bndbox>
	</object>
</annotation>
