<annotation>
	<folder>coronamask</folder>
	<filename>mask (46).jpg</filename>
	<path>D:\coronamask\mask (46).jpg</path>
	<source>
		<database>Unknown</database>
	</source>
	<size>
		<width>342</width>
		<height>147</height>
		<depth>3</depth>
	</size>
	<segmented>0</segmented>
	<object>
		<name>mask</name>
		<pose>Unspecified</pose>
		<truncated>0</truncated>
		<difficult>0</difficult>
		<bndbox>
			<xmin>127</xmin>
			<ymin>73</ymin>
			<xmax>217</xmax>
			<ymax>127</ymax>
		</bndbox>
	</object>
</annotation>
