<annotation>
	<folder>coronamask</folder>
	<filename>mask (33).jpg</filename>
	<path>D:\coronamask\mask (33).jpg</path>
	<source>
		<database>Unknown</database>
	</source>
	<size>
		<width>262</width>
		<height>193</height>
		<depth>3</depth>
	</size>
	<segmented>0</segmented>
	<object>
		<name>mask</name>
		<pose>Unspecified</pose>
		<truncated>0</truncated>
		<difficult>0</difficult>
		<bndbox>
			<xmin>77</xmin>
			<ymin>63</ymin>
			<xmax>105</xmax>
			<ymax>99</ymax>
		</bndbox>
	</object>
</annotation>
