<annotation>
	<folder>coronamask</folder>
	<filename>mask (22).jpg</filename>
	<path>D:\coronamask\mask (22).jpg</path>
	<source>
		<database>Unknown</database>
	</source>
	<size>
		<width>275</width>
		<height>183</height>
		<depth>3</depth>
	</size>
	<segmented>0</segmented>
	<object>
		<name>mask</name>
		<pose>Unspecified</pose>
		<truncated>0</truncated>
		<difficult>0</difficult>
		<bndbox>
			<xmin>112</xmin>
			<ymin>103</ymin>
			<xmax>141</xmax>
			<ymax>123</ymax>
		</bndbox>
	</object>
	<object>
		<name>mask</name>
		<pose>Unspecified</pose>
		<truncated>0</truncated>
		<difficult>0</difficult>
		<bndbox>
			<xmin>113</xmin>
			<ymin>49</ymin>
			<xmax>140</xmax>
			<ymax>63</ymax>
		</bndbox>
	</object>
	<object>
		<name>mask</name>
		<pose>Unspecified</pose>
		<truncated>0</truncated>
		<difficult>0</difficult>
		<bndbox>
			<xmin>244</xmin>
			<ymin>83</ymin>
			<xmax>265</xmax>
			<ymax>99</ymax>
		</bndbox>
	</object>
</annotation>
