<annotation>
	<folder>coronamask</folder>
	<filename>mask (56).jpg</filename>
	<path>D:\coronamask\mask (56).jpg</path>
	<source>
		<database>Unknown</database>
	</source>
	<size>
		<width>275</width>
		<height>183</height>
		<depth>3</depth>
	</size>
	<segmented>0</segmented>
	<object>
		<name>mask</name>
		<pose>Unspecified</pose>
		<truncated>0</truncated>
		<difficult>0</difficult>
		<bndbox>
			<xmin>118</xmin>
			<ymin>63</ymin>
			<xmax>152</xmax>
			<ymax>90</ymax>
		</bndbox>
	</object>
</annotation>
