<annotation>
	<folder>coronamask</folder>
	<filename>mask (8).jpg</filename>
	<path>D:\coronamask\mask (8).jpg</path>
	<source>
		<database>Unknown</database>
	</source>
	<size>
		<width>275</width>
		<height>183</height>
		<depth>3</depth>
	</size>
	<segmented>0</segmented>
	<object>
		<name>mask</name>
		<pose>Unspecified</pose>
		<truncated>0</truncated>
		<difficult>0</difficult>
		<bndbox>
			<xmin>85</xmin>
			<ymin>44</ymin>
			<xmax>147</xmax>
			<ymax>107</ymax>
		</bndbox>
	</object>
	<object>
		<name>mask</name>
		<pose>Unspecified</pose>
		<truncated>0</truncated>
		<difficult>0</difficult>
		<bndbox>
			<xmin>164</xmin>
			<ymin>68</ymin>
			<xmax>205</xmax>
			<ymax>112</ymax>
		</bndbox>
	</object>
</annotation>
