<annotation>
	<folder>coronamask</folder>
	<filename>mask (23).jpg</filename>
	<path>D:\coronamask\mask (23).jpg</path>
	<source>
		<database>Unknown</database>
	</source>
	<size>
		<width>300</width>
		<height>168</height>
		<depth>3</depth>
	</size>
	<segmented>0</segmented>
	<object>
		<name>mask</name>
		<pose>Unspecified</pose>
		<truncated>0</truncated>
		<difficult>0</difficult>
		<bndbox>
			<xmin>81</xmin>
			<ymin>43</ymin>
			<xmax>109</xmax>
			<ymax>71</ymax>
		</bndbox>
	</object>
	<object>
		<name>mask</name>
		<pose>Unspecified</pose>
		<truncated>0</truncated>
		<difficult>0</difficult>
		<bndbox>
			<xmin>144</xmin>
			<ymin>67</ymin>
			<xmax>173</xmax>
			<ymax>100</ymax>
		</bndbox>
	</object>
</annotation>
