<annotation>
	<folder>coronamask</folder>
	<filename>mask (13).jpg</filename>
	<path>D:\coronamask\mask (13).jpg</path>
	<source>
		<database>Unknown</database>
	</source>
	<size>
		<width>300</width>
		<height>168</height>
		<depth>3</depth>
	</size>
	<segmented>0</segmented>
	<object>
		<name>mask</name>
		<pose>Unspecified</pose>
		<truncated>0</truncated>
		<difficult>0</difficult>
		<bndbox>
			<xmin>131</xmin>
			<ymin>73</ymin>
			<xmax>171</xmax>
			<ymax>100</ymax>
		</bndbox>
	</object>
</annotation>
