<annotation>
	<folder>coronamask</folder>
	<filename>mask (26).jpg</filename>
	<path>D:\coronamask\mask (26).jpg</path>
	<source>
		<database>Unknown</database>
	</source>
	<size>
		<width>280</width>
		<height>180</height>
		<depth>3</depth>
	</size>
	<segmented>0</segmented>
	<object>
		<name>mask</name>
		<pose>Unspecified</pose>
		<truncated>0</truncated>
		<difficult>0</difficult>
		<bndbox>
			<xmin>109</xmin>
			<ymin>63</ymin>
			<xmax>196</xmax>
			<ymax>144</ymax>
		</bndbox>
	</object>
</annotation>
