<annotation>
	<folder>coronamask</folder>
	<filename>mask (25).jpg</filename>
	<path>D:\coronamask\mask (25).jpg</path>
	<source>
		<database>Unknown</database>
	</source>
	<size>
		<width>225</width>
		<height>225</height>
		<depth>3</depth>
	</size>
	<segmented>0</segmented>
	<object>
		<name>mask</name>
		<pose>Unspecified</pose>
		<truncated>0</truncated>
		<difficult>0</difficult>
		<bndbox>
			<xmin>77</xmin>
			<ymin>85</ymin>
			<xmax>183</xmax>
			<ymax>185</ymax>
		</bndbox>
	</object>
</annotation>
