<annotation>
	<folder>coronamask</folder>
	<filename>mask (20).jpg</filename>
	<path>D:\coronamask\mask (20).jpg</path>
	<source>
		<database>Unknown</database>
	</source>
	<size>
		<width>300</width>
		<height>168</height>
		<depth>3</depth>
	</size>
	<segmented>0</segmented>
	<object>
		<name>mask</name>
		<pose>Unspecified</pose>
		<truncated>0</truncated>
		<difficult>0</difficult>
		<bndbox>
			<xmin>69</xmin>
			<ymin>96</ymin>
			<xmax>108</xmax>
			<ymax>123</ymax>
		</bndbox>
	</object>
</annotation>
