<annotation>
	<folder>coronamask</folder>
	<filename>mask (52).jpg</filename>
	<path>D:\coronamask\mask (52).jpg</path>
	<source>
		<database>Unknown</database>
	</source>
	<size>
		<width>300</width>
		<height>168</height>
		<depth>3</depth>
	</size>
	<segmented>0</segmented>
	<object>
		<name>mask</name>
		<pose>Unspecified</pose>
		<truncated>0</truncated>
		<difficult>0</difficult>
		<bndbox>
			<xmin>132</xmin>
			<ymin>68</ymin>
			<xmax>194</xmax>
			<ymax>116</ymax>
		</bndbox>
	</object>
</annotation>
