<annotation>
	<folder>coronamask</folder>
	<filename>mask (6).jpg</filename>
	<path>D:\coronamask\mask (6).jpg</path>
	<source>
		<database>Unknown</database>
	</source>
	<size>
		<width>318</width>
		<height>159</height>
		<depth>3</depth>
	</size>
	<segmented>0</segmented>
	<object>
		<name>mask</name>
		<pose>Unspecified</pose>
		<truncated>0</truncated>
		<difficult>0</difficult>
		<bndbox>
			<xmin>21</xmin>
			<ymin>98</ymin>
			<xmax>77</xmax>
			<ymax>144</ymax>
		</bndbox>
	</object>
	<object>
		<name>mask</name>
		<pose>Unspecified</pose>
		<truncated>0</truncated>
		<difficult>0</difficult>
		<bndbox>
			<xmin>197</xmin>
			<ymin>69</ymin>
			<xmax>246</xmax>
			<ymax>119</ymax>
		</bndbox>
	</object>
</annotation>
