<annotation>
	<folder>coronamask</folder>
	<filename>mask (42).jpg</filename>
	<path>D:\coronamask\mask (42).jpg</path>
	<source>
		<database>Unknown</database>
	</source>
	<size>
		<width>217</width>
		<height>232</height>
		<depth>3</depth>
	</size>
	<segmented>0</segmented>
	<object>
		<name>mask</name>
		<pose>Unspecified</pose>
		<truncated>0</truncated>
		<difficult>0</difficult>
		<bndbox>
			<xmin>63</xmin>
			<ymin>51</ymin>
			<xmax>91</xmax>
			<ymax>72</ymax>
		</bndbox>
	</object>
	<object>
		<name>mask</name>
		<pose>Unspecified</pose>
		<truncated>0</truncated>
		<difficult>0</difficult>
		<bndbox>
			<xmin>115</xmin>
			<ymin>88</ymin>
			<xmax>146</xmax>
			<ymax>110</ymax>
		</bndbox>
	</object>
</annotation>
