<annotation>
	<folder>coronamask</folder>
	<filename>mask (60).jpg</filename>
	<path>D:\coronamask\mask (60).jpg</path>
	<source>
		<database>Unknown</database>
	</source>
	<size>
		<width>299</width>
		<height>168</height>
		<depth>3</depth>
	</size>
	<segmented>0</segmented>
	<object>
		<name>mask</name>
		<pose>Unspecified</pose>
		<truncated>0</truncated>
		<difficult>0</difficult>
		<bndbox>
			<xmin>65</xmin>
			<ymin>66</ymin>
			<xmax>117</xmax>
			<ymax>113</ymax>
		</bndbox>
	</object>
</annotation>
