<annotation>
	<folder>coronamask</folder>
	<filename>mask (9).jpg</filename>
	<path>D:\coronamask\mask (9).jpg</path>
	<source>
		<database>Unknown</database>
	</source>
	<size>
		<width>260</width>
		<height>194</height>
		<depth>3</depth>
	</size>
	<segmented>0</segmented>
	<object>
		<name>mask</name>
		<pose>Unspecified</pose>
		<truncated>0</truncated>
		<difficult>0</difficult>
		<bndbox>
			<xmin>47</xmin>
			<ymin>78</ymin>
			<xmax>94</xmax>
			<ymax>129</ymax>
		</bndbox>
	</object>
	<object>
		<name>mask</name>
		<pose>Unspecified</pose>
		<truncated>0</truncated>
		<difficult>0</difficult>
		<bndbox>
			<xmin>160</xmin>
			<ymin>81</ymin>
			<xmax>213</xmax>
			<ymax>130</ymax>
		</bndbox>
	</object>
</annotation>
