<annotation>
	<folder>coronamask</folder>
	<filename>mask (54).jpg</filename>
	<path>D:\coronamask\mask (54).jpg</path>
	<source>
		<database>Unknown</database>
	</source>
	<size>
		<width>277</width>
		<height>182</height>
		<depth>3</depth>
	</size>
	<segmented>0</segmented>
	<object>
		<name>mask</name>
		<pose>Unspecified</pose>
		<truncated>0</truncated>
		<difficult>0</difficult>
		<bndbox>
			<xmin>118</xmin>
			<ymin>77</ymin>
			<xmax>160</xmax>
			<ymax>112</ymax>
		</bndbox>
	</object>
</annotation>
