<annotation>
	<folder>coronamask</folder>
	<filename>mask (59).jpg</filename>
	<path>D:\coronamask\mask (59).jpg</path>
	<source>
		<database>Unknown</database>
	</source>
	<size>
		<width>275</width>
		<height>183</height>
		<depth>3</depth>
	</size>
	<segmented>0</segmented>
	<object>
		<name>mask</name>
		<pose>Unspecified</pose>
		<truncated>0</truncated>
		<difficult>0</difficult>
		<bndbox>
			<xmin>131</xmin>
			<ymin>76</ymin>
			<xmax>159</xmax>
			<ymax>98</ymax>
		</bndbox>
	</object>
</annotation>
