<annotation>
	<folder>coronamask</folder>
	<filename>mask (41).jpg</filename>
	<path>D:\coronamask\mask (41).jpg</path>
	<source>
		<database>Unknown</database>
	</source>
	<size>
		<width>256</width>
		<height>197</height>
		<depth>3</depth>
	</size>
	<segmented>0</segmented>
	<object>
		<name>mask</name>
		<pose>Unspecified</pose>
		<truncated>0</truncated>
		<difficult>0</difficult>
		<bndbox>
			<xmin>173</xmin>
			<ymin>40</ymin>
			<xmax>191</xmax>
			<ymax>64</ymax>
		</bndbox>
	</object>
</annotation>
