<annotation>
	<folder>coronamask</folder>
	<filename>mask (27).jpg</filename>
	<path>D:\coronamask\mask (27).jpg</path>
	<source>
		<database>Unknown</database>
	</source>
	<size>
		<width>276</width>
		<height>183</height>
		<depth>3</depth>
	</size>
	<segmented>0</segmented>
	<object>
		<name>mask</name>
		<pose>Unspecified</pose>
		<truncated>0</truncated>
		<difficult>0</difficult>
		<bndbox>
			<xmin>144</xmin>
			<ymin>49</ymin>
			<xmax>165</xmax>
			<ymax>70</ymax>
		</bndbox>
	</object>
</annotation>
